{"2": [7.552194073386436, 0.11470274171697876, 0.15614467022036563, 0.21509175890409535], "0": [9.456550836431054, 0.11470274171697876, 0.14589328008988686, 0.23763632868892373], "3": [4.985937614304788, 0.15614467022036552, 0.14589328008988706, 0.22717796735770449], "1": [3.6777374152526043, 0.21509175890409535, 0.23763632868892368, 0.22717796735770449]}